slug,filters,blocks,description,simd_aligned,params,fp32_acc_pct,fp32_size_kb,ptq_acc_pct,ptq_size_kb,qat_acc_pct,qat_size_kb,int8_acc_pct,int8_size_kb,quant,train_date_utc,updated_utc,_source
f16_b2,16,2,patch f16 b2,True,1964,83.31728454501686,80.7431640625,83.2691381800674,8.140625,,,,,,2026-05-18T19:35:49+00:00,2026-05-18T19:36:01.447457+00:00,p2
f16_b3,16,3,patch f16 b3,True,2492,86.63938372652865,104.115234375,85.94126143476167,10.3828125,,,,,,2026-05-18T19:35:17+00:00,2026-05-18T19:35:29.743435+00:00,p4
f16_b4,16,4,ultra-tiny depth=4,True,3020,88.49301877708233,126.8076171875,87.98748194511315,12.625,88.4689455946076,13.2734375,,,,2026-05-17T09:32:52+00:00,2026-05-17T09:35:47.523635+00:00,"orig,p4"
f16_b5,16,5,patch f16 b5,True,3548,88.87818969667791,149.1796875,88.05970149253731,14.8671875,,,,,,2026-05-18T19:36:16+00:00,2026-05-18T19:36:32.135600+00:00,p1
f16_b6,16,6,ultra-tiny depth=6,True,4076,87.69860375541647,172.2392578125,87.62638420799229,17.109375,87.96340876263842,18.1328125,,,,2026-05-17T09:39:28+00:00,2026-05-17T09:42:48.155073+00:00,"orig,p4"
f16_b7,16,7,patch f16 b7,True,4604,89.86519017814155,195.572265625,89.33558016369764,19.3515625,,,,,,2026-05-18T19:39:43+00:00,2026-05-18T19:39:58.912744+00:00,p2
f16_b8,16,8,patch f16 b8,True,5132,89.64853153586904,218.2646484375,89.86519017814155,21.59375,,,,,,2026-05-18T19:41:04+00:00,2026-05-18T19:41:22.198721+00:00,p1
f24_b2,24,2,patch f24 b2,True,3324,88.2522869523351,86.0556640625,88.18006740491093,10.40625,,,,,,2026-05-18T19:35:53+00:00,2026-05-18T19:36:06.197420+00:00,p3
f24_b3,24,3,patch f24 b3,True,4308,90.58738565238323,111.208984375,90.29850746268656,13.46875,,,,,,2026-05-18T19:39:51+00:00,2026-05-18T19:40:04.994349+00:00,p4
f24_b4,24,4,patch f24 b4,True,5292,91.21328839672604,135.6826171875,91.09292248435244,16.53125,,,,,,2026-05-18T19:40:10+00:00,2026-05-18T19:40:25.447428+00:00,p3
f24_b5,24,5,ultra-xs depth=5,True,6276,91.5743861338469,159.8359375,91.7910447761194,19.59375,91.83919114106884,20.4296875,,,,2026-05-17T09:46:19+00:00,2026-05-17T09:49:39.151185+00:00,"orig,p4"
f24_b6,24,6,patch f24 b6,True,7260,92.34472797303803,184.6767578125,91.8873375060183,22.65625,,,,,,2026-05-18T19:45:35+00:00,2026-05-18T19:45:51.922704+00:00,p1
f24_b7,24,7,patch f24 b7,True,8244,92.24843524313914,209.791015625,91.9836302359172,25.71875,,,,,,2026-05-18T19:43:56+00:00,2026-05-18T19:44:12.664241+00:00,p4
f24_b8,24,8,patch f24 b8,True,9228,91.95955705344248,234.2646484375,91.91141068849302,28.78125,,,,,,2026-05-18T19:44:02+00:00,2026-05-18T19:44:21.161068+00:00,p2
f32_b2,32,2,patch f32 b2,True,4940,90.12999518536353,92.3681640625,89.96148290804045,12.921875,,,,,,2026-05-18T19:43:57+00:00,2026-05-18T19:44:10.348891+00:00,p3
f32_b3,32,3,patch f32 b3,True,6508,91.3818006740491,119.802734375,91.35772749157438,16.9296875,,,,,,2026-05-18T19:47:47+00:00,2026-05-18T19:48:00.635706+00:00,p4
f32_b4,32,4,tiny depth=4,True,8076,92.82619162253248,146.5576171875,92.58545979778526,20.9375,92.24843524313914,21.5859375,,,,2026-05-17T09:07:24+00:00,2026-05-17T09:10:40.228696+00:00,"orig,p3"
f32_b5,32,5,tiny depth=5,True,9644,92.89841116995666,172.9921875,92.5132402503611,24.9453125,92.65767934520944,25.78125,,,,2026-05-17T09:14:27+00:00,2026-05-17T09:17:47.570909+00:00,"orig,p3"
f32_b6,32,6,tiny depth=6,True,11212,93.33172845450169,200.1142578125,93.42802118440058,28.953125,93.25950890707752,29.9765625,,,,2026-05-17T09:21:39+00:00,2026-05-17T09:25:17.137690+00:00,"orig,p3"
f32_b7,32,7,patch f32 b7,True,12780,93.042850264805,227.509765625,92.87433798748197,32.9609375,,,,,,2026-05-18T19:48:25+00:00,2026-05-18T19:48:41.757806+00:00,p2
f32_b8,32,8,patch f32 b8,True,14348,93.25950890707752,254.2646484375,93.28358208955224,36.96875,,,,,,2026-05-18T19:51:55+00:00,2026-05-18T19:52:12.495865+00:00,p4
f40_b2,40,2,patch f40 b2,True,6812,91.62253249879632,99.6806640625,91.45402022147329,15.6875,,,,,,2026-05-18T19:52:00+00:00,2026-05-18T19:52:13.778027+00:00,p2
f40_b3,40,3,patch f40 b3,True,9092,92.70582571015888,129.896484375,92.34472797303803,20.765625,,,,,,2026-05-18T19:49:40+00:00,2026-05-18T19:49:55.277238+00:00,p1
f40_b4,40,4,xxs depth=4,True,11372,92.80211844005778,159.4326171875,92.82619162253248,25.84375,93.11506981222918,26.4921875,,,,2026-05-17T10:14:58+00:00,2026-05-17T10:20:59.039889+00:00,"orig,p1"
f40_b5,40,5,xxs depth=5,True,13652,93.2354357246028,188.6484375,93.09099662975446,30.921875,93.28358208955224,31.7578125,,,,2026-05-17T10:25:28+00:00,2026-05-17T10:29:28.195289+00:00,"orig,p1"
f40_b6,40,6,xxs depth=6,True,15932,93.74097255657198,218.5517578125,93.6687530091478,36.0,93.33172845450169,37.0234375,,,,2026-05-17T10:34:08+00:00,2026-05-17T10:38:23.838594+00:00,"orig,p1"
f40_b7,40,7,patch f40 b7,True,18212,93.90948483389504,248.728515625,93.6687530091478,41.078125,,,,,,2026-05-18T19:54:34+00:00,2026-05-18T19:54:52.990562+00:00,p1
f40_b8,40,8,patch f40 b8,True,20492,93.81319210399614,278.2646484375,93.6687530091478,46.15625,,,,,,2026-05-18T19:56:14+00:00,2026-05-18T19:56:32.429221+00:00,p2
f48_b2,48,2,patch f48 b2,True,8940,91.95955705344248,107.9931640625,91.59845931632162,18.703125,,,,,,2026-05-18T19:47:43+00:00,2026-05-18T19:47:57.149460+00:00,p3
f48_b3,48,3,patch f48 b3,True,12060,93.21136254212809,141.490234375,93.06692344727972,24.9765625,,,,,,2026-05-18T19:51:30+00:00,2026-05-18T19:51:45.164134+00:00,p3
f48_b4,48,4,xs depth=4,True,15180,94.00577756379394,174.3076171875,93.81319210399614,31.25,93.88541165142033,31.8984375,,,,2026-05-17T09:28:54+00:00,2026-05-17T09:32:07.627582+00:00,"orig,p3"
f48_b5,48,5,xs depth=5,True,18300,94.2705825710159,206.8046875,94.02985074626866,37.5234375,93.78911892152144,38.359375,,,,2026-05-17T09:35:58+00:00,2026-05-17T09:39:31.104157+00:00,"orig,p3"
f48_b6,48,6,xs depth=6,True,21420,93.7650457390467,239.9892578125,93.8613384689456,43.796875,93.83726528647088,44.8203125,,,,2026-05-17T09:43:21+00:00,2026-05-17T09:47:15.408056+00:00,"orig,p3"
f48_b7,48,7,patch f48 b7,True,24540,94.41502166586424,273.447265625,94.02985074626866,50.0703125,,,,,,2026-05-18T19:56:03+00:00,2026-05-18T19:56:20.243346+00:00,p4
f48_b8,48,8,patch f48 b8,True,27660,94.2946557534906,306.2646484375,94.00577756379394,56.34375,,,,,,2026-05-18T19:55:26+00:00,2026-05-18T19:55:47.302012+00:00,p3
f56_b2,56,2,patch f56 b2,True,11324,92.5132402503611,117.3056640625,92.2965816080886,21.96875,,,,,,2026-05-18T19:59:38+00:00,2026-05-18T19:59:51.598374+00:00,p4
f56_b3,56,3,patch f56 b3,True,15412,93.21136254212809,154.583984375,93.25950890707752,29.5625,,,,,,2026-05-18T19:59:56+00:00,2026-05-18T20:00:10.999331+00:00,p2
f56_b4,56,4,ss depth=4,True,19500,94.10207029369283,191.1826171875,93.9817043813192,37.15625,93.9817043813192,37.8046875,,,,2026-05-17T10:43:00+00:00,2026-05-17T10:46:51.950858+00:00,"orig,p1"
f56_b5,56,5,ss depth=5,True,23588,93.7650457390467,227.4609375,93.69282619162252,44.75,94.19836302359172,45.5859375,,,,2026-05-17T10:51:41+00:00,2026-05-17T10:55:48.593218+00:00,"orig,p1"
f56_b6,56,6,ss depth=6,True,27676,94.02985074626866,264.4267578125,93.8613384689456,52.34375,94.36687530091476,53.3671875,,,,2026-05-17T11:00:27+00:00,2026-05-17T11:04:59.862320+00:00,"orig,p1"
f56_b7,56,7,patch f56 b7,True,31764,94.63168030813674,301.666015625,94.24650938854116,59.9375,,,,,,2026-05-18T20:04:00+00:00,2026-05-18T20:04:18.362191+00:00,p2
f56_b8,56,8,patch f56 b8,True,35852,94.2705825710159,338.2646484375,94.15021665864228,67.53125,,,,,,2026-05-18T20:03:58+00:00,2026-05-18T20:04:18.756204+00:00,p4
f64_b2,64,2,patch f64 b2,True,13964,93.69282619162252,127.6181640625,93.40394800192584,25.484375,,,,,,2026-05-18T19:58:28+00:00,2026-05-18T19:58:42.706174+00:00,p1
f64_b3,64,3,s depth=3,True,19148,93.52431391429948,169.177734375,93.59653346172364,34.5234375,93.9817043813192,34.984375,,,,2026-05-17T09:50:53+00:00,2026-05-17T09:53:50.555534+00:00,"orig,p3"
f64_b4,64,4,s depth=4,True,24332,93.47616754935002,210.0576171875,93.21136254212809,43.5625,93.9817043813192,44.2109375,,,,2026-05-17T09:57:46+00:00,2026-05-17T10:04:15.420654+00:00,"orig,p3"
f64_b5,64,5,s depth=5,True,29516,95.08907077515649,250.6171875,94.8001925854598,52.6015625,94.7038998555609,53.4375,,,,2026-05-17T10:11:49+00:00,2026-05-17T10:18:17.204889+00:00,"orig,p3"
f64_b6,64,6,"small, aligned",True,34700,94.9205584978334,291.8642578125,94.89648531535867,61.640625,94.46316803081368,62.8828125,94.46316803081368,62.8828125,qat,2026-05-17T12:29:10+00:00,2026-05-17T12:29:29.436959+00:00,"orig,p1,p3,p4"
f64_b7,64,7,s deep,True,39884,95.35387578237842,333.384765625,95.1131439576312,70.6796875,95.0168512277323,71.890625,,,,2026-05-17T09:53:35+00:00,2026-05-17T09:57:31.473181+00:00,"orig,p4"
f64_b8,64,8,s very deep,True,45068,95.35387578237842,374.2646484375,95.04092441020704,79.71875,95.35387578237842,81.1171875,,,,2026-05-17T10:01:34+00:00,2026-05-17T10:05:50.204525+00:00,"orig,p4"
f72_b2,72,2,patch f72 b2,True,16860,93.11506981222918,138.9306640625,92.7298988926336,29.25,,,,,,2026-05-18T19:59:15+00:00,2026-05-18T19:59:29.479087+00:00,p3
f72_b3,72,3,patch f72 b3,True,23268,94.67982667308618,185.271484375,94.55946076071255,39.859375,,,,,,2026-05-18T20:02:29+00:00,2026-05-18T20:02:44.347470+00:00,p1
f72_b4,72,4,ss-mid depth=4,True,29676,94.8001925854598,230.9326171875,94.67982667308618,50.46875,94.89648531535867,51.1171875,,,,2026-05-17T11:09:05+00:00,2026-05-17T11:13:00.225768+00:00,"orig,p1"
f72_b5,72,5,ss-mid depth=5,True,36084,94.77611940298507,276.2734375,94.72797303803564,61.078125,94.94463168030812,61.9140625,,,,2026-05-17T11:17:22+00:00,2026-05-17T11:21:29.116566+00:00,"orig,p1"
f72_b6,72,6,ss-mid depth=6,True,42492,95.06499759268176,322.3017578125,94.67982667308618,71.6875,95.1131439576312,72.7109375,,,,2026-05-17T11:26:07+00:00,2026-05-17T11:30:36.773586+00:00,"orig,p1"
f72_b7,72,7,patch f72 b7,True,48900,95.13721714010592,368.603515625,95.16129032258064,82.296875,,,,,,2026-05-18T20:07:06+00:00,2026-05-18T20:07:26.520394+00:00,p1
f72_b8,72,8,patch f72 b8,True,55308,95.71497351949928,414.2646484375,95.59460760712564,92.90625,,,,,,2026-05-18T20:08:18+00:00,2026-05-18T20:08:39.310436+00:00,p2
f80_b2,80,2,patch f80 b2,True,20012,94.07799711121812,151.2431640625,93.95763119884448,33.265625,,,,,,2026-05-18T20:07:57+00:00,2026-05-18T20:08:11.240238+00:00,p4
f80_b3,80,3,patch f80 b3,True,27772,94.63168030813674,202.865234375,94.43909484833895,45.5703125,,,,,,2026-05-18T20:11:10+00:00,2026-05-18T20:11:27.206879+00:00,p1
f80_b4,80,4,s-mid depth=4,True,35532,95.04092441020704,253.8076171875,94.99277804525758,57.875,95.04092441020704,58.5234375,,,,2026-05-17T10:25:48+00:00,2026-05-17T10:31:22.020372+00:00,"orig,p3"
f80_b5,80,5,s-mid depth=5,True,43292,95.04092441020704,304.4296875,95.08907077515649,70.1796875,95.16129032258064,71.015625,,,,2026-05-17T10:38:36+00:00,2026-05-17T10:44:52.388640+00:00,"orig,p3"
f80_b6,80,6,s-mid depth=6,True,51052,95.20943668753009,355.7392578125,95.45016851227732,82.484375,95.13721714010592,83.5078125,,,,2026-05-17T10:53:11+00:00,2026-05-17T11:00:41.003137+00:00,"orig,p3"
f80_b7,80,7,patch f80 b7,True,58812,95.23350987000482,407.322265625,95.1131439576312,94.7890625,,,,,,2026-05-18T20:03:49+00:00,2026-05-18T20:04:08.948614+00:00,p3
f80_b8,80,8,patch f80 b8,True,66572,95.8353394318729,458.2646484375,95.57053442465094,107.09375,,,,,,2026-05-18T20:12:59+00:00,2026-05-18T20:13:19.156834+00:00,p2
f88_b2,88,2,patch f88 b2,True,23420,94.31872893596534,164.5556640625,94.2946557534906,37.53125,,,,,,2026-05-18T20:07:45+00:00,2026-05-18T20:07:59.890358+00:00,p3
f88_b3,88,3,patch f88 b3,True,32660,94.99277804525758,221.958984375,95.0168512277323,51.65625,,,,,,2026-05-18T20:11:47+00:00,2026-05-18T20:12:02.687764+00:00,p3
f88_b4,88,4,mmid depth=4,True,41900,94.99277804525758,278.6826171875,94.77611940298507,65.78125,94.89648531535867,66.4296875,,,,2026-05-17T11:35:22+00:00,2026-05-17T11:39:08.512120+00:00,"orig,p1"
f88_b5,88,5,mmid depth=5,True,51140,95.49831487722676,335.0859375,95.18536350505536,79.90625,94.99277804525758,80.7421875,,,,2026-05-17T11:43:37+00:00,2026-05-17T11:47:56.165293+00:00,"orig,p1"
f88_b6,88,6,mmid depth=6,True,60380,95.66682715454982,392.1767578125,95.66682715454982,94.03125,95.59460760712564,95.0546875,,,,2026-05-17T11:52:36+00:00,2026-05-17T11:57:11.041839+00:00,"orig,p1"
f88_b7,88,7,patch f88 b7,True,69620,95.57053442465094,449.541015625,95.35387578237842,108.15625,,,,,,2026-05-18T20:16:20+00:00,2026-05-18T20:16:41.383221+00:00,p3
f88_b8,88,8,patch f88 b8,True,78860,95.32980259990372,506.2646484375,95.52238805970148,122.28125,,,,,,2026-05-18T20:16:28+00:00,2026-05-18T20:16:48.423531+00:00,p1
f96_b2,96,2,patch f96 b2,True,27084,94.36687530091476,178.8681640625,94.19836302359172,42.046875,,,,,,2026-05-18T20:16:47+00:00,2026-05-18T20:17:01.810442+00:00,p2
f96_b3,96,3,mid depth=3,True,37932,95.0168512277323,242.552734375,94.87241213288397,58.1171875,94.63168030813674,58.578125,,,,2026-05-17T11:07:41+00:00,2026-05-17T11:12:34.126884+00:00,"orig,p3"
f96_b4,96,4,mid depth=4,True,48780,95.04092441020704,305.5576171875,94.8001925854598,74.1875,95.23350987000482,74.8359375,,,,2026-05-17T13:02:37+00:00,2026-05-17T13:06:21.967982+00:00,"orig,p1"
f96_b5,96,5,mid depth=5,True,59628,95.37794896485316,368.2421875,95.32980259990372,90.2578125,95.25758305247952,91.09375,,,,2026-05-17T13:10:36+00:00,2026-05-17T13:14:46.234343+00:00,"orig,p1"
f96_b6,96,6,"small-mid, aligned",True,70476,95.47424169475204,431.6142578125,95.49831487722676,107.3671875,95.20943668753009,107.5703125,95.49831487722676,107.3671875,ptq,2026-05-16T11:58:40+00:00,,"orig,p3,p4"
f96_b7,96,7,patch f96 b7,True,81324,96.00385170919596,495.259765625,95.49831487722676,122.3984375,,,,,,2026-05-18T20:21:05+00:00,2026-05-18T20:21:30.925847+00:00,p1
f96_b8,96,8,patch f96 b8,True,92172,95.64275397207513,558.2646484375,95.47424169475204,138.46875,,,,,,2026-05-18T20:21:25+00:00,2026-05-18T20:21:45.383161+00:00,p2
f104_b2,104,2,patch f104 b2,True,31004,94.36687530091476,194.2099609375,94.19836302359172,46.8125,,,,,,2026-05-18T20:12:00+00:00,2026-05-18T20:12:15.429563+00:00,p4
f104_b3,104,3,patch f104 b3,True,43588,95.23350987000482,264.6865234375,94.99277804525758,64.953125,,,,,,2026-05-18T20:25:16+00:00,2026-05-18T20:25:31.507034+00:00,p2
f104_b4,104,4,mmid-l depth=4,True,56172,95.69090033702456,334.4833984375,95.49831487722676,83.09375,95.49831487722676,83.7890625,,,,2026-05-17T12:01:37+00:00,2026-05-17T12:05:27.954033+00:00,"orig,p1"
f104_b5,104,5,mmid-l depth=5,True,68756,95.81126624939816,403.9599609375,96.12421762156956,101.234375,95.739046701974,102.125,,,,2026-05-17T12:09:56+00:00,2026-05-17T12:14:33.397470+00:00,"orig,p1"
f104_b6,104,6,mmid-l depth=6,True,81340,95.54646124217622,474.1240234375,95.47424169475204,119.375,95.35387578237842,120.4609375,,,,2026-05-17T12:19:35+00:00,2026-05-17T12:24:19.182409+00:00,"orig,p1"
f104_b7,104,7,patch f104 b7,True,93924,95.35387578237842,544.5615234375,95.20943668753009,137.515625,,,,,,2026-05-18T20:20:56+00:00,2026-05-18T20:21:21.657867+00:00,p3
f104_b8,104,8,patch f104 b8,True,106508,95.6186807896004,614.3583984375,95.52238805970148,155.65625,,,,,,2026-05-18T20:17:00+00:00,2026-05-18T20:17:22.949664+00:00,p4
f112_b2,112,2,patch f112 b2,True,35180,94.19836302359172,210.5224609375,93.95763119884448,51.828125,,,,,,2026-05-18T20:25:07+00:00,2026-05-18T20:25:21.696885+00:00,p1
f112_b3,112,3,patch f112 b3,True,49628,95.1131439576312,288.2802734375,94.82426576793452,72.1640625,,,,,,2026-05-18T20:21:06+00:00,2026-05-18T20:21:22.480692+00:00,p4
f112_b4,112,4,mid-l depth=4,True,64076,95.35387578237842,365.3583984375,95.40202214732788,92.5,95.37794896485316,93.1953125,,,,2026-05-17T12:25:36+00:00,2026-05-17T12:29:15.899114+00:00,"orig,p2"
f112_b5,112,5,mid-l depth=5,True,78524,96.0519980741454,442.1162109375,95.85941261434762,112.8359375,95.78719306692344,113.7265625,,,,2026-05-17T12:33:17+00:00,2026-05-17T12:37:21.011723+00:00,"orig,p2"
f112_b6,112,6,mid-l depth=6,True,92972,95.69090033702456,519.5615234375,95.57053442465094,133.171875,95.47424169475204,134.2578125,,,,2026-05-17T12:41:25+00:00,2026-05-17T12:45:48.397990+00:00,"orig,p2"
f112_b7,112,7,patch f112 b7,True,107420,95.88348579682234,597.2802734375,95.88348579682234,153.5078125,,,,,,2026-05-18T20:30:08+00:00,2026-05-18T20:30:29.013061+00:00,p2
f112_b8,112,8,patch f112 b8,True,121868,96.12421762156956,674.3583984375,95.88348579682234,173.84375,,,,,,2026-05-18T20:35:10+00:00,2026-05-18T20:35:33.179136+00:00,p2
f128_b2,128,2,patch f128 b2,True,44300,94.8001925854598,246.1474609375,94.53538757823785,62.609375,,,,,,2026-05-18T20:25:00+00:00,2026-05-18T20:25:16.161423+00:00,p3
f128_b3,128,3,l depth=3,True,62860,95.45016851227732,339.9677734375,95.1131439576312,87.7109375,95.35387578237842,88.2109375,,,,2026-05-17T10:09:29+00:00,2026-05-17T10:12:57.765842+00:00,"orig,p4"
f128_b4,128,4,l depth=4,True,81420,95.69090033702456,433.1083984375,95.32980259990372,112.8125,95.49831487722676,113.5078125,,,,2026-05-17T12:49:35+00:00,2026-05-17T12:53:35.479685+00:00,"orig,p2"
f128_b5,128,5,l depth=5,True,99980,95.71497351949928,525.9287109375,95.66682715454982,137.9140625,95.9316321617718,138.8046875,,,,2026-05-17T12:57:30+00:00,2026-05-17T13:01:57.039026+00:00,"orig,p2"
f128_b6,128,6,"mid, aligned",True,118540,95.88348579682234,619.4365234375,95.52238805970148,163.015625,95.54646124217622,164.3046875,95.54646124217622,164.3046875,qat,2026-05-16T11:13:25+00:00,2026-05-17T09:06:47.268018+00:00,"orig,p3,p4"
f128_b7,128,7,l deep,True,137100,95.88348579682234,713.2177734375,95.8353394318729,188.1171875,95.88348579682234,189.3984375,,,,2026-05-17T10:17:48+00:00,2026-05-17T10:22:45.436138+00:00,"orig,p4"
f128_b8,128,8,l very deep,True,155660,95.85941261434762,806.3583984375,95.8353394318729,213.21875,95.52238805970148,214.6953125,,,,2026-05-17T10:28:02+00:00,2026-05-17T10:33:41.201679+00:00,"orig,p4"
f160_b2,160,2,patch f160 b2,True,65612,94.89648531535867,329.3974609375,94.84833895040924,87.171875,,,,,,2026-05-18T20:25:05+00:00,2026-05-18T20:25:21.194175+00:00,p4
f160_b3,160,3,patch f160 b3,True,93932,95.81126624939816,461.3427734375,95.4260953298026,123.3046875,,,,,,2026-05-18T20:28:59+00:00,2026-05-18T20:29:16.560049+00:00,p3
f160_b4,160,4,xl-mid shallow,True,122252,95.78719306692344,592.6083984375,95.54646124217622,159.4375,95.04092441020704,160.1328125,,,,2026-05-17T10:37:56+00:00,2026-05-17T10:42:03.757225+00:00,"orig,p4"
f160_b5,160,5,patch f160 b5,True,150572,95.52238805970148,723.5537109375,95.37794896485316,195.5703125,,,,,,2026-05-18T20:40:31+00:00,2026-05-18T20:40:51.227116+00:00,p2
f160_b6,160,6,"aligned, below baseline",True,178892,95.95570534424652,855.1865234375,95.6186807896004,231.703125,96.12421762156956,232.9921875,96.12421762156956,232.9921875,qat,2026-05-16T11:19:14+00:00,2026-05-17T09:07:10.526832+00:00,"orig,p3,p4"
f160_b7,160,7,patch f160 b7,True,207212,96.1482908040443,987.0927734375,95.95570534424652,267.8359375,,,,,,2026-05-18T20:31:06+00:00,2026-05-18T20:31:29.424520+00:00,p4
f160_b8,160,8,patch f160 b8,True,235532,95.88348579682234,1118.3583984375,95.9316321617718,303.96875,,,,,,2026-05-18T20:47:53+00:00,2026-05-18T20:48:19.486330+00:00,p2
f168_b4,168,4,patch f168 b4,True,133740,96.02792489167068,637.4833984375,95.76311988444871,172.34375,,,,,,2026-05-18T20:29:48+00:00,2026-05-18T20:30:08.204393+00:00,p1
f168_b5,168,5,patch f168 b5,True,164820,96.07607125662012,779.2099609375,95.9316321617718,211.546875,,,,,,2026-05-18T20:53:05+00:00,2026-05-18T20:53:26.030546+00:00,p2
f168_b6,168,6,"aligned, slightly below baseline",True,195900,96.10014443909483,921.6240234375,95.76311988444871,250.75,95.85941261434762,252.0390625,95.85941261434762,252.0390625,qat,2026-05-16T11:24:38+00:00,2026-05-17T09:07:34.451708+00:00,"orig,p3,p4"
f168_b7,168,7,patch f168 b7,True,226980,95.23350987000482,1064.3115234375,94.99277804525758,289.953125,,,,,,2026-05-18T20:35:08+00:00,2026-05-18T20:35:33.253968+00:00,p3
f168_b8,168,8,patch f168 b8,True,258060,96.10014443909483,1206.3583984375,95.90755897929706,329.15625,,,,,,2026-05-18T20:36:35+00:00,2026-05-18T20:37:01.265330+00:00,p1
f172_b4,172,4,patch f172 b4,False,139676,95.57053442465094,660.6708984375,95.40202214732788,178.984375,,,,,,2026-05-18T20:39:44+00:00,2026-05-18T20:40:03.653875+00:00,p3
f172_b5,172,5,patch f172 b5,False,172184,95.88348579682234,807.9755859375,95.66682715454982,219.765625,,,,,,2026-05-18T20:44:40+00:00,2026-05-18T20:45:01.970533+00:00,p3
f172_b6,172,6,Hello Edge baseline (not aligned),False,204692,95.8353394318729,955.9677734375,95.59460760712564,261.59375,95.66682715454982,261.84375,95.66682715454982,261.59375,ptq,2026-05-16T12:04:21+00:00,,"orig,p3,p4"
f172_b7,172,7,patch f172 b7,False,237200,95.37794896485316,1104.2333984375,95.28165623495426,301.3359375,,,,,,2026-05-18T20:37:21+00:00,2026-05-18T20:37:46.221661+00:00,p4
f172_b8,172,8,patch f172 b8,False,269708,96.17236398651902,1251.8583984375,96.12421762156956,342.125,,,,,,2026-05-18T20:51:12+00:00,2026-05-18T20:51:38.710882+00:00,p3
f176_b2,176,2,very shallow,True,77804,95.59460760712564,377.0224609375,95.37794896485316,100.953125,95.54646124217622,101.3359375,95.54646124217622,101.3359375,qat,2026-05-16T12:20:20+00:00,2026-05-17T09:08:47.319795+00:00,"orig,p3,p4"
f176_b3,176,3,patch f176 b3,True,111772,95.40202214732788,531.0302734375,95.16129032258064,143.3515625,,,,,,2026-05-18T20:40:37+00:00,2026-05-18T20:40:54.965947+00:00,p1
f176_b4,176,4,shallow,True,145740,96.1482908040443,684.3583984375,95.88348579682234,185.75,95.739046701974,186.5859375,95.739046701974,186.5859375,qat,2026-05-16T12:24:44+00:00,2026-05-17T09:09:09.538534+00:00,"orig,p3,p4"
f176_b5,176,5,medium-shallow,True,179708,96.17236398651902,837.3662109375,95.95570534424652,228.1484375,96.02792489167068,229.2109375,96.02792489167068,229.2109375,qat,2026-05-16T12:29:46+00:00,2026-05-17T09:09:32.248984+00:00,"orig,p3,p4"
f176_b6,176,6,"aligned, just above baseline",True,213676,96.2445835339432,991.0615234375,95.57053442465094,271.5859375,96.19643716899374,271.8359375,96.19643716899374,271.5859375,ptq,2026-05-16T12:10:11+00:00,,"orig,p3,p4"
f176_b7,176,7,deep,True,247644,96.17236398651902,1145.0302734375,96.07607125662012,312.9453125,96.29272989889265,314.4609375,96.29272989889265,314.4609375,qat,2026-05-16T12:35:59+00:00,2026-05-17T09:09:58.692658+00:00,"orig,p3,p4"
f176_b8,176,8,very deep,True,281612,96.29272989889265,1298.3583984375,96.07607125662012,355.34375,96.07607125662012,357.0859375,96.07607125662012,357.0859375,qat,2026-05-16T12:42:37+00:00,2026-05-17T09:10:27.119276+00:00,"orig,p3,p4"
f184_b3,184,3,patch f184 b3,True,121268,95.59460760712564,568.1240234375,95.47424169475204,153.9375,,,,,,2026-05-18T20:44:47+00:00,2026-05-18T20:45:06.620013+00:00,p1
f184_b4,184,4,patch f184 b4,True,158252,95.95570534424652,733.2333984375,95.64275397207513,199.65625,,,,,,2026-05-18T20:41:56+00:00,2026-05-18T20:42:17.007265+00:00,p4
f184_b5,184,5,patch f184 b5,True,195236,96.41309581126625,898.0224609375,96.07607125662012,245.375,,,,,,2026-05-18T20:49:49+00:00,2026-05-18T20:50:11.071548+00:00,p1
f184_b6,184,6,"aligned, above baseline",True,232220,95.88348579682234,1063.4990234375,95.59460760712564,291.09375,95.76311988444871,292.3828125,95.76311988444871,292.3828125,qat,2026-05-16T11:41:36+00:00,2026-05-17T09:08:00.166094+00:00,"orig,p3,p4"
f184_b7,184,7,patch f184 b7,True,269204,96.1482908040443,1229.2490234375,95.88348579682234,336.8125,,,,,,2026-05-18T20:59:36+00:00,2026-05-18T21:00:00.968782+00:00,p2
f184_b8,184,8,patch f184 b8,True,306188,96.3649494463168,1394.3583984375,96.19643716899374,382.53125,,,,,,2026-05-18T20:56:58+00:00,2026-05-18T20:57:25.436042+00:00,p1
f192_b2,192,2,patch f192 b2,True,91020,95.23350987000482,428.6474609375,95.06499759268176,115.734375,,,,,,2026-05-18T20:45:50+00:00,2026-05-18T20:46:06.893867+00:00,p4
f192_b3,192,3,patch f192 b3,True,131148,95.8353394318729,606.7177734375,95.78719306692344,164.8984375,,,,,,2026-05-18T20:55:30+00:00,2026-05-18T20:55:49.572832+00:00,p3
f192_b4,192,4,xl shallow,True,171276,95.739046701974,784.1083984375,95.66682715454982,214.0625,95.49831487722676,214.7578125,,,,2026-05-17T10:46:19+00:00,2026-05-17T10:50:38.432350+00:00,"orig,p4"
f192_b5,192,5,patch f192 b5,True,211404,96.1482908040443,961.1787109375,95.81126624939816,263.2265625,,,,,,2026-05-18T21:02:28+00:00,2026-05-18T21:02:51.228346+00:00,p1
f192_b6,192,6,"aligned, above baseline",True,251532,96.02792489167068,1138.9365234375,95.90755897929706,313.4296875,96.12421762156956,313.6796875,96.12421762156956,313.4296875,ptq,2026-05-16T12:16:42+00:00,,"orig,p3,p4"
f192_b7,192,7,patch f192 b7,True,291660,96.07607125662012,1316.9677734375,95.9316321617718,361.5546875,,,,,,2026-05-18T21:02:02+00:00,2026-05-18T21:02:27.970007+00:00,p3
f192_b8,192,8,xl very deep,True,331788,96.17236398651902,1494.3583984375,95.90755897929706,410.71875,96.2445835339432,412.1953125,,,,2026-05-17T10:57:40+00:00,2026-05-17T11:04:43.169336+00:00,"orig,p4"
f224_b2,224,2,patch f224 b2,True,120524,95.305729417429,543.8974609375,95.37794896485316,148.296875,,,,,,2026-05-18T20:49:34+00:00,2026-05-18T20:49:50.830639+00:00,p4
f224_b3,224,3,patch f224 b3,True,174508,96.00385170919596,776.0927734375,95.81126624939816,212.4921875,,,,,,2026-05-18T20:53:53+00:00,2026-05-18T20:54:12.728126+00:00,p4
f224_b4,224,4,xxl shallow,True,228492,95.9316321617718,1007.6083984375,95.9316321617718,276.6875,95.97977852672123,277.3828125,,,,2026-05-17T12:36:09+00:00,2026-05-17T12:41:13.649752+00:00,"orig,p1,p4"
f224_b5,224,5,patch f224 b5,True,282476,95.71497351949928,1238.8037109375,95.85941261434762,340.8828125,,,,,,2026-05-18T21:05:48+00:00,2026-05-18T21:06:12.383083+00:00,p2
f224_b6,224,6,"large, aligned (top of range)",True,336460,95.88348579682234,1470.6865234375,95.8353394318729,405.078125,95.69090033702456,406.3671875,95.69090033702456,406.3671875,qat,2026-05-16T11:54:35+00:00,2026-05-17T09:08:29.208239+00:00,"orig,p3,p4"
f224_b7,224,7,patch f224 b7,True,390444,96.0519980741454,1702.8427734375,96.07607125662012,469.2734375,,,,,,2026-05-18T21:01:21+00:00,2026-05-18T21:01:48.806710+00:00,p4
f224_b8,224,8,xxl very deep,True,444428,96.65382763601347,1934.3583984375,96.34087626384208,533.46875,96.41309581126625,534.9453125,,,,2026-05-17T12:50:00+00:00,2026-05-17T12:58:25.617335+00:00,"orig,p1"
